{
    "audio": {
        "ABSOLUTE_DISTANCE_SCALE": 50.0,
        "FREQ_DENSITY_INFLUENCE": 3.0,
        "FREQ_MAX": 220.0,
        "FREQ_MIN": 200.0,
        "FREQ_RADIAL_EXPONENT": 2.0,
        "FREQ_SMOOTHING": 0.800000011920929,
        "FREQ_TRANSPOSE": 0.25,
        "MODE_AMP_BASE": 0.33000001311302185,
        "MODE_AMP_DECAY": 1.0,
        "MODE_BRIGHTNESS": 2.2100000381469727,
        "MODE_BW_BASE": 300.0,
        "MODE_FREQ_SPREAD": 0.07999999821186066,
        "OUTPUT_MASTER_GAIN": 0.0,
        "OUTPUT_TANH_DRIVE": 1.1699999570846558,
        "SPATIAL_DENSITY_EXP_SCALE": 5.0,
        "SPATIAL_DISTANCE_MAX": 0.5699999928474426,
        "SPATIAL_DISTANCE_MIN": 0.009999999776482582,
        "SPATIAL_GAIN_EXP": 0.10000000149011612,
        "SPATIAL_WIDTH": 0.6499999761581421,
        "TRIGGER_ACTIVITY_GAIN": 3.0,
        "TRIGGER_CURVE_EXPONENT": 2.0,
        "TRIGGER_MAX_RATE": 1000.0,
        "TRIGGER_MIN_RATE": 200.0,
        "TRIGGER_MIX": 1.0
    }
}