{
    "audio": {
        "ABSOLUTE_DISTANCE_SCALE": 2000.0,
        "FREQ_DENSITY_INFLUENCE": 1.399999976158142,
        "FREQ_MAX": 8000.0,
        "FREQ_MIN": 20.0,
        "FREQ_RADIAL_EXPONENT": 0.7799999713897705,
        "FREQ_SMOOTHING": 0.9990000128746033,
        "FREQ_TRANSPOSE": 0.4000000059604645,
        "MODE_AMP_BASE": 0.18000000715255737,
        "MODE_AMP_DECAY": 0.41999998688697815,
        "MODE_BRIGHTNESS": 2.059999942779541,
        "MODE_BW_BASE": 10.0,
        "MODE_FREQ_SPREAD": 0.10000000149011612,
        "OUTPUT_MASTER_GAIN": 2.0,
        "OUTPUT_TANH_DRIVE": 5.78000020980835,
        "SPATIAL_DENSITY_EXP_SCALE": 5.0,
        "SPATIAL_DISTANCE_MAX": 0.10000000149011612,
        "SPATIAL_DISTANCE_MIN": 0.009999999776482582,
        "SPATIAL_GAIN_EXP": 0.10000000149011612,
        "SPATIAL_WIDTH": 0.20000000298023224,
        "TRIGGER_ACTIVITY_GAIN": 0.6700000166893005,
        "TRIGGER_CURVE_EXPONENT": 2.0,
        "TRIGGER_MAX_RATE": 81.87000274658203,
        "TRIGGER_MIN_RATE": 1.0,
        "TRIGGER_MIX": 0.800000011920929
    }
}