{
    "audio": {
        "ABSOLUTE_DISTANCE_SCALE": 2000.0,
        "FREQ_DENSITY_INFLUENCE": 1.399999976158142,
        "FREQ_MAX": 1350.7099609375,
        "FREQ_MIN": 71.19999694824219,
        "FREQ_RADIAL_EXPONENT": 0.10000000149011612,
        "FREQ_SMOOTHING": 0.9990000128746033,
        "FREQ_TRANSPOSE": 0.25,
        "MODE_AMP_BASE": 0.7699999809265137,
        "MODE_AMP_DECAY": 0.41999998688697815,
        "MODE_BRIGHTNESS": 1.100000023841858,
        "MODE_BW_BASE": 100.0,
        "MODE_FREQ_SPREAD": 0.014999999664723873,
        "OUTPUT_MASTER_GAIN": 2.0,
        "OUTPUT_TANH_DRIVE": 5.440000057220459,
        "SPATIAL_DENSITY_EXP_SCALE": 0.5,
        "SPATIAL_DISTANCE_MAX": 0.2199999988079071,
        "SPATIAL_DISTANCE_MIN": 0.019999999552965164,
        "SPATIAL_GAIN_EXP": 0.3400000035762787,
        "SPATIAL_WIDTH": 0.25,
        "TRIGGER_ACTIVITY_GAIN": 0.029999999329447746,
        "TRIGGER_CURVE_EXPONENT": 2.0,
        "TRIGGER_MAX_RATE": 50.0,
        "TRIGGER_MIN_RATE": 8.0,
        "TRIGGER_MIX": 0.800000011920929
    }
}