{
    "audio": {
        "ABSOLUTE_DISTANCE_SCALE": 2000.0,
        "FREQ_DENSITY_INFLUENCE": 3.0,
        "FREQ_MAX": 300.0,
        "FREQ_MIN": 290.0,
        "FREQ_RADIAL_EXPONENT": 0.8999999761581421,
        "FREQ_SMOOTHING": 0.8299999833106995,
        "FREQ_TRANSPOSE": 0.8500000238418579,
        "MODE_AMP_BASE": 1.0,
        "MODE_AMP_DECAY": 0.550000011920929,
        "MODE_BRIGHTNESS": 0.6499999761581421,
        "MODE_BW_BASE": 60.0,
        "MODE_FREQ_SPREAD": 0.009999999776482582,
        "OUTPUT_MASTER_GAIN": 2.0,
        "OUTPUT_TANH_DRIVE": 1.7999999523162842,
        "SPATIAL_DENSITY_EXP_SCALE": 5.0,
        "SPATIAL_DISTANCE_MAX": 0.5,
        "SPATIAL_DISTANCE_MIN": 0.009999999776482582,
        "SPATIAL_GAIN_EXP": 6.0,
        "SPATIAL_WIDTH": 1.5,
        "TRIGGER_ACTIVITY_GAIN": 0.10999999940395355,
        "TRIGGER_CURVE_EXPONENT": 0.10000000149011612,
        "TRIGGER_MAX_RATE": 997.1400146484375,
        "TRIGGER_MIN_RATE": 3.0,
        "TRIGGER_MIX": 0.3499999940395355
    }
}