{
    "audio": {
        "ABSOLUTE_DISTANCE_SCALE": 550.0,
        "FREQ_DENSITY_INFLUENCE": 1.399999976158142,
        "FREQ_MAX": 4000.0,
        "FREQ_MIN": 500.0,
        "FREQ_RADIAL_EXPONENT": 0.6499999761581421,
        "FREQ_SMOOTHING": 0.9800000190734863,
        "FREQ_TRANSPOSE": 1.0,
        "MODE_AMP_BASE": 0.3799999952316284,
        "MODE_AMP_DECAY": 0.41999998688697815,
        "MODE_BRIGHTNESS": 1.100000023841858,
        "MODE_BW_BASE": 100.0,
        "MODE_FREQ_SPREAD": 0.019999999552965164,
        "OUTPUT_MASTER_GAIN": 2.0,
        "OUTPUT_TANH_DRIVE": 1.5,
        "SPATIAL_DENSITY_EXP_SCALE": 1.899999976158142,
        "SPATIAL_DISTANCE_MAX": 0.5,
        "SPATIAL_DISTANCE_MIN": 0.05000000074505806,
        "SPATIAL_GAIN_EXP": 3.0,
        "SPATIAL_WIDTH": 0.25,
        "TRIGGER_ACTIVITY_GAIN": 1.0,
        "TRIGGER_CURVE_EXPONENT": 0.699999988079071,
        "TRIGGER_MAX_RATE": 50.0,
        "TRIGGER_MIN_RATE": 8.0,
        "TRIGGER_MIX": 0.5
    }
}