{
    "audio": {
        "ABSOLUTE_DISTANCE_SCALE": 50.0,
        "FREQ_DENSITY_INFLUENCE": 3.0,
        "FREQ_MAX": 660.0,
        "FREQ_MIN": 200.0,
        "FREQ_RADIAL_EXPONENT": 0.7799999713897705,
        "FREQ_SMOOTHING": 0.9990000128746033,
        "FREQ_TRANSPOSE": 0.4000000059604645,
        "MODE_AMP_BASE": 0.2800000011920929,
        "MODE_AMP_DECAY": 0.0,
        "MODE_BRIGHTNESS": 2.2100000381469727,
        "MODE_BW_BASE": 10.0,
        "MODE_FREQ_SPREAD": 0.10000000149011612,
        "OUTPUT_MASTER_GAIN": 1.9900000095367432,
        "OUTPUT_TANH_DRIVE": 0.7799999713897705,
        "SPATIAL_DENSITY_EXP_SCALE": 5.0,
        "SPATIAL_DISTANCE_MAX": 0.49000000953674316,
        "SPATIAL_DISTANCE_MIN": 0.009999999776482582,
        "SPATIAL_GAIN_EXP": 0.10000000149011612,
        "SPATIAL_WIDTH": 0.2800000011920929,
        "TRIGGER_ACTIVITY_GAIN": 0.10000000149011612,
        "TRIGGER_CURVE_EXPONENT": 0.10000000149011612,
        "TRIGGER_MAX_RATE": 200.0,
        "TRIGGER_MIN_RATE": 1.0,
        "TRIGGER_MIX": 0.10000000149011612
    }
}